Events,Users Assigned
ge1_1m,admin,user3
ge131_24m,user3,user
ge172_24m,user3,user
ge127_1m,user3,user
ge232_7m,user3,user
ge97_1m,admin,user3
ge37_7m,user3,user
ge58_1m,admin,user3
ge283_8m,user3,user
ge341_5m,user3,user
ge34_1m,admin,user3
ge10_10m,admin,user3
ge261_18m,user3,user
ge10_21m,admin,user
ge2_1m,admin,user
ge2_2m,admin,user
ge2_4m,admin,user
ge4_3m,admin,user
ge5_7m,admin,user
ge9_7m,admin,user
ge9_9m,admin,user
ge10_9m,admin,user
ge11_3m,admin,user
ge11_5m,admin,user
ge11_8m,admin,user
ge12_4m,admin,user
ge14_9m,admin,user
ge14_10m,admin,user
ge115_8m,admin,user
ge187_8m,user
ge328_6m,user
ge41_17m,user
ge226_1m,user
ge301_8m,user
ge143_2m,user
ge150_4m,user
ge118_8m,user
ge57_1m,user
ge222_4m,user
ge222_3m,user
ge131_18m,user
ge326_20m,user
ge164_1m,user
ge290_2m,user
ge46_12m,user
ge272_19m,user
ge274_2m,user
ge149_1m,user
ge38_1m,user
ge92_14m,user
ge335_1m,user
ge248_7m,user
ge151_6m,user
ge258_10m,user
ge92_27m,user
ge40_9m,user
ge73_8m,user
ge201_12m,user
ge270_18m,user
ge209_8m,user
ge246_10m,user
ge92_22m,user
ge215_6m,user
ge271_12m,user
ge247_22m,user
ge194_1m,user
ge59_7m,user
ge75_1m,user
ge270_15m,user
ge109_7m,user
ge156_1m,user
ge249_3m,user
ge169_10m,user
ge9_10m,user
ge272_1m,user
ge76_6m,user
ge90_7m,user
ge316_9m,user
ge217_3m,user
ge18_1m,user
ge167_5m,user
ge96_8m,user
ge317_1m,user
ge306_1m,user
ge250_11m,user
ge91_1m,user
ge81_3m,user
ge75_2m,user
ge142_26m,user
ge291_9m,user
ge274_1m,user
ge24_11m,user
ge47_7m,user
ge130_3m,user
ge156_15m,user
ge272_8m,user
ge28_3m,user
ge53_6m,user
ge83_1m,user
ge56_13m,user
ge73_2m,user
ge258_11m,user
ge22_11m,user
ge131_16m,user
ge303_5m,user
