Record,Users Assigned
ge1,h
ge2,h
ge4,h
ge5,h
ge9,h
ge10,h
ge11,h
ge12,h
ge14,h
ge18,h
ge20,h
ge22,h
ge23,h
ge24,h
ge25,h
ge27,h
ge28,h
ge32,h
ge33,h
ge34,h
ge36
ge37
ge38
ge39
ge40
ge41
ge43
ge46
ge47
ge53
ge56
ge57
ge58
ge59
ge61
ge64
ge65
ge68
ge70
ge73
ge75
ge76
ge80
ge81
ge82
ge83
ge84
ge85
ge88
ge89
ge90
ge91
ge92
ge94
ge96
ge97
ge98
ge99
ge101
ge108
ge109
ge115
ge118
ge119
ge121
ge123
ge124
ge127
ge130
ge131
ge132
ge139
ge142
ge143
ge146
ge147
ge149
ge150
ge151
ge152
ge154
ge155
ge156
ge158
ge164
ge167
ge169
ge172
ge177
ge178
ge183
ge186
ge187
ge190
ge192
ge193
ge194
ge195
ge201
ge205
ge208
ge209
ge210
ge211
ge213
ge215
ge217
ge222
ge226
ge231
ge232
ge233
ge235
ge237
ge239
ge241
ge246
ge247
ge248
ge249
ge250
ge251
ge254
ge256
ge258
ge260
ge261
ge263
ge264
ge267
ge268
ge270
ge271
ge272
ge274
ge279
ge283
ge284
ge286
ge290
ge291
ge293
ge294
ge296
ge301
ge303
ge306
ge307
ge310
ge311
ge316
ge317
ge319
ge323
ge326
ge327
ge328
ge329
ge335
ge336
ge339
ge341
